Date,Open,High,Low,Close,Volume,Daily_Return,MA_7,MA_20,MA_30,MA_50,High_52w,Low_52w
2024-04-01,226.71034349019942,227.97582573288165,225.70262639050296,227.2962188720703,6041008,0.2584,227.3,227.3,227.3,227.3,227.98,225.7
2024-04-02,225.89012998416928,226.24165523201043,224.7886813468805,225.53860473632812,6932654,-0.1556,226.42,226.42,226.42,226.42,227.98,224.79
2024-04-03,224.976151195396,228.58514934226153,223.07792064112422,226.4759979248047,13794516,0.6667,226.44,226.44,226.44,226.44,228.59,223.08
2024-04-04,227.69461092511693,230.57712935106778,224.78867750808175,228.4445343017578,16004046,0.3294,226.94,226.94,226.94,226.94,230.58,223.08
2024-04-05,228.02271508554298,228.32736744538963,226.17134302373762,227.3430938720703,6414344,-0.298,227.02,227.02,227.02,227.02,230.58,223.08
2024-04-08,229.66315149608945,230.41307485149022,224.13249356925562,224.9292755126953,26640770,-2.0612,226.67,226.67,226.67,226.67,230.58,223.08
2024-04-09,226.82753331682247,227.43683803215106,222.72640537703612,223.0076141357422,15801250,-1.6841,226.15,226.15,226.15,226.15,230.58,222.73
2024-04-10,223.80439336449498,224.71836467140176,221.74211490415954,223.7106475830078,10771534,-0.0419,225.64,225.84,225.84,225.84,230.58,221.74
2024-04-12,222.63266248900524,224.97616419941582,220.28916077859466,220.64068603515625,13170046,-0.8947,224.94,225.27,225.27,225.27,230.58,220.29
2024-04-15,218.62526033742628,219.51578804540725,214.7584828680686,215.2974853515625,12176472,-1.5221,223.34,224.27,224.27,224.27,230.58,214.76
2024-04-16,212.34466751994407,214.89908990436874,208.47789000258084,210.14178466796875,21439424,-1.0374,220.72,222.98,222.98,222.98,230.58,208.48
2024-04-18,212.0868876507413,213.4695592695721,207.56393257592578,208.26698303222656,21986258,-1.8011,218.0,221.76,221.76,221.76,230.58,207.56
2024-04-19,206.22814193211624,212.74307355516106,204.82204096439725,212.20407104492188,20470106,2.8977,216.18,221.02,221.02,221.02,230.58,204.82
2024-04-22,212.20407276236133,218.48465427495057,210.9151468648539,216.53955078125,18881740,2.0431,215.26,220.7,220.7,220.7,230.58,204.82
2024-04-23,218.78929334045404,218.78929334045404,215.69588281716167,216.58641052246094,10322712,-1.0069,214.24,220.43,220.43,220.43,230.58,204.82
2024-04-24,217.43008394483687,217.78160919834875,214.94597787479248,215.55528259277344,5915168,-0.8623,213.51,220.12,220.12,220.12,230.58,204.82
2024-04-25,215.08658821856173,216.7973416390346,213.63361426970545,216.07086181640625,11805090,0.4576,213.62,219.89,219.89,219.89,230.58,204.82
2024-04-26,216.49266691366904,223.0075982591932,216.35206254432603,217.75816345214844,21478294,0.5845,214.71,219.77,219.77,219.77,230.58,204.82
2024-04-29,219.18768499921092,219.35173295936585,216.35205400183762,216.98480224609375,7249940,-1.005,215.96,219.62,219.62,219.62,230.58,204.82
2024-04-30,217.0082585886953,218.76588487316099,216.30520807490902,216.72703552246094,8902956,-0.1296,216.6,219.48,219.48,219.48,230.58,204.82
2024-05-02,216.72701590478897,217.00823894556763,213.46955740126376,214.38351440429688,14937276,-1.0813,216.3,218.83,219.23,219.23,230.58,204.82
2024-05-03,215.7896377645251,216.5395611834561,212.41500383473485,214.360107421875,9730626,-0.6625,215.98,218.27,219.01,219.01,230.58,204.82
2024-05-06,215.03969305379218,216.82076278535357,213.72733792830323,214.96939086914062,6918126,-0.0327,215.89,217.7,218.84,218.84,230.58,204.82
2024-05-07,216.44579546696352,218.10969013448153,212.78993880367014,217.43006896972656,9278528,0.4547,216.09,217.15,218.78,218.78,230.58,204.82
2024-05-08,217.9456445843357,218.6018221589237,216.21144771244036,217.10198974609375,8205680,-0.3871,215.99,216.63,218.71,218.71,230.58,204.82
2024-05-09,216.42238079150374,217.664433824877,212.8133824721332,213.68048095703125,9233484,-1.2669,215.52,216.07,218.52,218.52,230.58,204.82
2024-05-10,213.7507899778814,214.43041121026087,211.0557629517415,211.78225708007812,6654714,-0.9209,214.82,215.51,218.27,218.27,230.58,204.82
2024-05-13,211.78222867283012,212.43840621741535,208.5716288290123,211.8291015625,7111608,0.0221,214.45,214.92,218.04,218.04,230.58,204.82
2024-05-14,212.18063467978845,215.55526830770268,211.94628452631116,213.89138793945312,4909420,0.8063,214.38,214.58,217.89,217.89,230.58,204.82
2024-05-15,213.89138661717723,215.48496479025175,213.0945903788409,214.8053436279297,4793424,0.4273,214.36,214.55,217.79,217.79,230.58,204.82
2024-05-16,216.5395447220328,219.11739644491414,213.77421573457067,217.6878662109375,14621472,0.5303,214.4,214.93,217.47,217.79,230.58,204.82
2024-05-17,217.66444014912622,217.66444014912622,215.6255907615053,216.07086181640625,6876820,-0.7321,214.25,215.32,217.16,217.73,230.58,204.82
2024-05-21,217.00824507635056,217.85189991892292,215.46153976376843,216.0239715576172,8467448,-0.4536,214.58,215.51,216.81,217.68,230.58,204.82
2024-05-22,216.96136437511018,217.21915812032728,215.06313389584702,216.21144104003906,7765884,-0.3456,215.22,215.5,216.4,217.64,230.58,204.82
2024-05-23,216.77389708893222,219.35174883809788,216.4223718504096,218.3206024169922,13171332,0.7135,216.14,215.58,216.1,217.66,230.58,204.82
2024-05-24,218.88304563393268,220.52349672540754,216.53954407468288,217.31289672851562,8205526,-0.7173,216.63,215.67,215.85,217.65,230.58,204.82
2024-05-27,216.53954354958444,216.6098457354718,211.6650631788849,212.06346130371094,40983758,-2.0671,216.24,215.47,215.48,217.5,230.58,204.82
2024-05-28,212.78994825026973,214.31322431153265,212.36812081710127,213.7507781982422,15778126,0.4515,215.68,215.27,215.15,217.4,230.58,204.82
2024-05-29,212.7899314870875,213.4929819215162,210.68078018380137,211.2900848388672,9756036,-0.7048,215.0,214.98,214.84,217.24,230.58,204.82
2024-05-30,210.44644774562443,210.68079791015185,203.93151603248188,204.79861450195312,20724568,-2.6837,213.39,214.39,214.49,216.93,230.58,203.93
2024-05-31,205.0798243084693,207.23584869390075,204.11899435041784,205.38449096679688,21438004,0.1486,211.85,213.94,214.33,216.65,230.58,203.93
2024-06-03,211.00888554629688,211.17291921212257,206.95461641686776,208.14981079101562,8964424,-1.355,210.39,213.63,214.32,216.45,230.58,203.93
2024-06-04,208.99346561479234,208.99346561479234,195.4480295005349,205.3610382080078,17730732,-1.7381,208.69,213.15,214.1,216.19,230.58,195.45
2024-06-05,206.08752166290262,213.25863032377967,205.7828550338477,211.61817932128906,12267428,2.6836,208.62,212.86,213.93,216.09,230.58,195.45
2024-06-06,213.23523041422513,216.53956216741798,212.13378172862767,216.07086181640625,15425568,1.3298,208.95,212.81,213.91,216.09,230.58,195.45
2024-06-07,220.28915020241553,227.97583258280136,219.49235393769075,227.10873413085938,72672440,3.0957,211.21,213.48,214.3,216.33,230.58,195.45
2024-06-10,228.9132386409775,228.9132386409775,221.8593043857575,222.7498321533203,18311752,-2.6925,213.78,214.02,214.52,216.46,230.58,195.45
2024-06-11,224.6012038593448,224.6012038593448,222.32800439810572,223.12478637695312,9371714,-0.6574,216.31,214.59,214.7,216.6,230.58,195.45
2024-06-12,224.03875130950746,227.0384304746891,222.89042981252769,223.52317810058594,13875116,-0.2301,218.51,215.07,214.92,216.74,230.58,195.45
2024-06-13,224.97615474346927,227.48370432893392,224.1090562863424,226.1947784423828,12995932,0.5417,221.48,215.64,215.23,216.93,230.58,195.45
2024-06-14,227.3196499010655,227.6008729472298,223.19509290265046,223.8043975830078,11322596,-1.5464,223.23,215.95,215.55,216.86,230.58,195.45
2024-06-18,225.44485678144505,231.06926069283247,224.99958575035404,230.53025817871094,31870984,2.2557,225.29,216.67,216.09,216.96,231.07,195.45
2024-06-19,230.7177185350996,233.01434710317028,228.1398669313555,232.35816955566406,20880284,0.711,226.04,217.49,216.67,217.08,233.01,195.45
2024-06-20,233.17839133280856,233.17839133280856,228.84291370501262,229.85061645507812,12571126,-1.4271,227.06,218.17,217.08,217.11,233.18,195.45
2024-06-21,233.3893381448135,234.7954391534893,229.24133730850002,229.9209442138672,95171176,-1.4861,228.03,218.75,217.51,217.16,234.8,195.45
2024-06-24,229.71003764472528,231.95979353716695,229.40538528689868,229.9209442138672,9934518,0.0918,228.94,219.38,218.05,217.26,234.8,195.45
2024-06-25,229.92092828350803,233.41275126789063,229.33505290381956,232.87374877929688,9258210,1.2843,229.89,220.42,218.75,217.46,234.8,195.45
2024-06-26,232.873755494802,234.30328574102677,231.4442109449787,232.10040283203125,12812090,-0.3321,231.08,221.34,219.43,217.62,234.8,195.45
2024-06-27,230.67086627460867,239.951141460201,229.28820887292332,239.41212463378906,42137138,3.7895,232.35,222.74,220.28,218.0,239.95,195.45
2024-06-28,239.97456404050502,241.98996969674948,237.09205993081633,241.3103485107422,16405832,0.5566,233.63,224.57,221.16,218.52,241.99,195.45
2024-07-01,242.73990284115155,251.12962125518663,240.95881877116275,247.16909790039062,30757528,1.8247,236.1,226.66,222.15,219.26,251.13,195.45
2024-07-02,248.08305732644698,255.44165758756452,247.6143570372955,252.25450134277344,36276968,1.6815,239.29,228.86,223.35,220.14,255.44,195.45
2024-07-03,253.9886978462836,255.652578149447,250.98900455623476,252.62945556640625,16049384,-0.5352,242.54,231.23,224.57,220.95,255.65,195.45
2024-07-04,253.75437236846525,257.22273767708566,247.9893353722806,248.73927307128906,19524632,-1.9764,244.8,233.08,225.66,221.59,257.22,195.45
2024-07-05,249.04388758482523,251.45770552058508,248.1533741983706,250.801513671875,10376090,0.7057,247.47,234.82,226.74,222.28,257.22,195.45
2024-07-08,251.19995249189395,254.50428416150137,250.75468144825643,253.66062927246094,12176360,0.9796,249.51,236.15,227.95,223.04,257.22,195.45
2024-07-09,254.9729649231747,255.41823593262316,251.97327154002355,253.56686401367188,8681444,-0.5515,251.26,237.69,229.33,223.79,257.22,195.45
2024-07-10,253.56688905664868,254.6683234349948,249.23141082416439,251.01246643066406,9233748,-1.0074,251.81,239.08,230.58,224.45,257.22,195.45
2024-07-11,251.55147801323736,252.88726253836919,248.41118001612216,250.3328399658203,8807618,-0.4844,251.53,240.42,231.88,225.12,257.22,195.45
2024-07-12,255.44168928176285,264.7219504369816,253.8246673621174,262.5425109863281,54186042,2.7798,252.95,242.24,233.8,226.04,264.72,195.45
2024-07-15,265.7062214945412,265.7062214945412,260.66769308026113,262.3315734863281,16099478,-1.2701,254.89,244.17,235.7,227.0,265.71,195.45
2024-07-16,263.3392620048659,263.69078724307144,260.784868159663,262.3315734863281,11239032,-0.3827,256.54,245.76,237.51,227.96,265.71,195.45
2024-07-18,260.8551553881567,269.2214732007658,260.7614096034311,268.6590270996094,25019786,2.9916,258.68,247.57,239.62,229.03,269.22,195.45
2024-07-19,271.79932340076317,271.79932340076317,259.98806977220414,261.1598205566406,26523490,-3.9145,259.77,249.14,241.27,229.9,271.8,195.45
2024-07-22,244.19286943918488,246.88789630919507,235.0766423922326,237.06861877441406,76014568,-2.9175,257.78,249.49,241.97,230.3,271.8,195.45
2024-07-23,238.09976379741474,238.09976379741474,227.95240467739822,234.60794067382812,25847632,-1.4665,255.53,249.73,242.22,230.72,271.8,195.45
2024-07-24,235.52191160251942,237.32641070138783,234.27985861100697,234.39703369140625,12240276,-0.4776,251.51,249.8,242.61,231.17,271.8,195.45
2024-07-25,232.47535915579414,237.86541284589825,231.2098625679824,237.56076049804688,21887890,2.1875,247.97,250.08,243.09,231.69,271.8,195.45
2024-07-26,239.03716370040993,247.73154893317167,238.33411321893814,245.9739227294922,26153996,2.902,245.63,250.41,243.84,232.33,271.8,195.45
2024-07-29,247.47376291497562,248.6689429803416,245.05994488305888,245.7864532470703,12011554,-0.6818,242.36,250.63,244.49,232.95,271.8,195.45
2024-07-30,245.7864425961582,246.9816226097322,243.60697481296208,244.4272003173828,10816526,-0.553,239.97,250.49,245.18,233.48,271.8,195.45
2024-07-31,244.56781427582933,246.02080239068675,243.46637999813763,244.66156005859375,7758508,0.0383,241.06,250.11,245.65,234.06,271.8,195.45
2024-08-01,245.13025897958767,246.91131441325822,242.5524073077182,244.4506378173828,10759752,-0.2772,242.47,249.7,246.05,234.62,271.8,195.45
2024-08-02,241.3806507430725,243.3726269870687,234.81884664520257,235.35784912109375,15652228,-2.4951,242.6,249.03,246.23,235.01,271.8,195.45
2024-08-05,229.66315798415351,232.4050577310106,225.09332984059128,227.3196563720703,21938080,-1.0204,241.14,247.86,246.15,235.19,271.8,195.45
2024-08-06,229.545977568115,234.04550341945009,228.069574447539,229.42880249023438,11271584,-0.051,238.78,246.65,246.13,235.43,271.8,195.45
2024-08-07,233.74086504405375,234.39704265867312,230.90521940774983,233.1315460205078,7079826,-0.2607,236.97,245.63,246.14,235.85,271.8,195.45
2024-08-08,231.5379571546469,231.5379571546469,227.9524025816965,228.3976593017578,13160570,-1.3563,234.68,244.5,246.02,236.14,271.8,195.45
2024-08-09,232.17070581106705,232.68627902253954,229.49910827209058,230.2724609375,6065948,-0.8176,232.62,243.49,245.71,236.52,271.8,195.45
2024-08-12,230.38963102077716,231.53795249853513,228.44452760038564,229.21788024902344,7338468,-0.5086,230.45,241.83,245.31,237.01,271.8,195.45
2024-08-13,229.21788552915535,230.92865313820266,228.3273577828285,229.8975067138672,6289418,0.2965,229.67,240.21,244.73,237.5,271.8,195.45
2024-08-14,231.06926248414877,232.873761613761,229.87408236515307,232.07696533203125,11121756,0.4361,230.35,238.69,244.06,237.98,271.8,195.45
2024-08-16,234.818857676065,242.52898357469255,233.3893274376002,241.96653747558594,25931140,3.0439,232.14,237.36,243.7,238.71,271.8,195.45
2024-08-19,241.84936840503246,245.22401647630969,240.77136337582942,243.60699462890625,11466562,0.7267,233.63,236.48,243.53,239.35,271.8,195.45
2024-08-20,243.67731416898033,247.28628384138884,243.56013908592297,245.9036407470703,9543812,0.9136,236.13,236.92,243.37,239.95,271.8,195.45
2024-08-21,245.31775066510264,247.520619209121,244.21628778589715,246.7003936767578,6454402,0.5636,238.48,237.53,243.14,240.34,271.8,195.45
2024-08-22,247.3800196828274,248.6689455446344,242.81019162732986,243.25546264648438,11496506,-1.6673,240.49,237.97,242.79,240.75,271.8,195.45
2024-08-23,243.677300636345,244.40378038951596,239.66990443617465,240.16204833984375,11277706,-1.4426,241.95,238.1,242.43,241.09,271.8,195.45
2024-08-26,241.84936558650088,245.97392268901726,241.82593629189515,243.7241668701172,17351380,0.7752,243.62,237.99,242.21,241.5,271.8,195.45
2024-08-27,243.72416642727842,245.2474424674489,241.84936514706857,242.3883819580078,7965796,-0.5481,243.68,237.82,241.54,241.82,271.8,195.45
2024-08-28,243.72415624544035,252.20762024110513,242.71643915654712,250.56716918945312,34375566,2.8077,244.67,238.12,241.15,242.36,271.8,195.45
2024-08-29,250.7546793807566,254.01215243246963,250.3094083407904,252.48887634277344,25685318,0.6916,245.61,238.52,240.82,242.79,271.8,195.45
2024-08-30,253.8949566014042,254.0355609690623,251.08275481945884,252.34825134277344,19434804,-0.6092,246.42,238.91,240.28,243.19,271.8,195.45
2024-09-02,252.34825124724486,254.035560872895,249.27824141736002,249.55947875976562,15735982,-1.1051,247.32,239.62,239.89,243.59,271.8,195.45
2024-09-03,249.8172654290969,253.49655142265053,248.1768143427895,251.24679565429688,15056686,0.5722,248.9,240.82,240.36,244.02,271.8,195.45
2024-09-04,247.47376140904146,247.5909364854662,242.20088296992836,243.32577514648438,20402128,-1.6761,248.85,241.51,240.65,244.28,271.8,195.45
2024-09-05,244.2866060124916,246.53636176725539,243.48980976823037,245.99734497070312,12069118,0.7003,249.36,242.16,241.04,244.55,271.8,195.45
2024-09-06,245.99734742064334,248.36430688306228,242.99768258681615,244.00537109375,14579954,-0.8098,248.42,242.94,241.25,244.78,271.8,195.45
2024-09-09,242.36492423162332,244.54439216432323,240.6541852265123,241.3103485107422,11919540,-0.4351,246.83,243.49,241.1,244.82,271.8,195.45
2024-09-10,242.22433093118448,247.47378048100927,240.91197569552796,246.41920471191406,10287272,1.7318,245.98,244.35,241.12,244.92,271.8,195.45
2024-09-11,246.0676584261983,246.65353380340355,240.56042988046912,241.07598876953125,8261524,-2.0286,244.77,244.91,241.01,244.8,271.8,195.45
2024-09-12,243.93510414833221,249.34858749756313,242.66960747530698,248.4346160888672,15779474,1.8446,244.37,245.72,241.13,244.73,271.8,195.45
2024-09-13,250.19224593940146,258.95694837507466,248.8095741587643,258.06640625,35919706,3.1472,246.47,246.53,241.59,244.83,271.8,195.45
2024-09-16,259.19127912827776,260.99576393249436,257.31647783259405,258.67572021484375,11088578,-0.1989,248.28,247.28,242.37,245.03,271.8,195.45
2024-09-17,257.31647783259405,260.08182118660653,256.4025064795087,258.67572021484375,8728238,0.5282,250.38,247.92,243.41,245.19,271.8,195.45
2024-09-18,257.3399263675241,257.3399263675241,249.65325764484083,252.23110961914062,16665520,-1.9852,251.94,248.2,244.17,245.16,271.8,195.45
2024-09-19,255.06672369609075,258.46480106712386,248.01278949559256,249.98130798339844,20969182,-1.9938,252.45,248.53,244.73,245.09,271.8,195.45
2024-09-20,252.11391306928303,253.4496975357465,248.87986942483846,252.67633056640625,16664232,0.2231,254.11,249.16,245.54,245.12,271.8,195.45
2024-09-23,252.67634326025052,253.28567659140745,249.3485822705716,250.70782470703125,8544290,-0.7791,254.43,249.51,246.22,245.13,271.8,195.45
2024-09-24,249.4423018356755,253.98870040248872,248.1064888353461,252.88723754882812,12355694,1.3811,253.69,250.03,247.01,244.94,271.8,195.45
2024-09-25,252.53574816459962,252.81698554482819,248.7627159892641,251.317138671875,8065196,-0.4825,252.64,250.07,247.73,244.72,271.8,195.45
2024-09-26,252.48886178818037,254.55112598026426,251.08276086336096,253.98870849609375,11403400,0.594,251.97,250.15,248.46,244.55,271.8,195.45
2024-09-27,257.2696230089627,261.9566263167798,253.426274575113,253.94183349609375,26462384,-1.2935,252.21,250.23,248.86,244.26,271.8,195.45
2024-09-30,252.16077964026402,255.20733181063895,250.28597830464867,253.77780151367188,8199446,0.6413,252.76,250.44,249.19,244.11,271.8,195.45
2024-10-01,253.19192045820077,257.5976863344701,253.19192045820077,256.26190185546875,9411274,1.2125,253.27,250.69,249.54,244.49,271.8,195.45
2024-10-03,253.14502093574376,254.22305451298524,246.65353321468234,248.48147583007812,14035368,-1.8422,252.95,250.95,249.6,244.77,271.8,195.45
2024-10-04,247.49719103975647,254.01213674071784,247.49719103975647,250.07504272460938,11922754,1.0416,252.55,251.15,249.83,245.08,271.8,195.45
2024-10-07,252.16077115727455,253.8949680558179,246.5129380451728,249.09078979492188,9878074,-1.2175,252.23,251.4,250.12,245.31,271.8,195.45
2024-10-08,249.13763835169922,250.1922140250405,243.8647599849928,246.98162841796875,11502804,-0.8654,251.23,251.69,250.23,245.33,271.8,195.45
2024-10-09,248.31741747355073,252.48886165790805,247.70811279454935,248.95018005371094,8841688,0.2548,250.52,251.81,250.45,245.4,271.8,195.45
2024-10-10,250.75467601957777,251.9732854321209,245.3411929409685,246.0676727294922,12620244,-1.8692,249.42,252.06,250.3,245.43,271.8,195.45
2024-10-11,243.8881914896627,250.47345363976524,243.8881914896627,247.61436462402344,8436982,1.5278,248.18,252.02,250.14,245.49,271.8,195.45
2024-10-14,252.48886235429111,258.65225425758405,251.36397016903481,257.5742492675781,33136266,2.0141,249.48,252.0,250.31,245.75,271.8,195.45
2024-10-15,259.1209576014352,259.1209576014352,248.8095506755513,249.79383850097656,21601252,-3.5995,249.44,251.55,250.32,246.04,271.8,195.45
2024-10-16,249.81728338570707,252.53573965983412,247.94248200945412,249.4188995361328,12553622,-0.1595,249.49,251.09,250.26,246.48,271.8,195.45
2024-10-17,250.73124992237834,252.16078022264702,246.09110516313436,247.82530212402344,23755278,-1.159,249.61,250.87,250.41,246.85,271.8,195.45
2024-10-18,249.34856373542928,261.7222633035247,245.97391579802175,257.1524353027344,74653054,3.1297,250.78,251.23,250.78,247.33,271.8,195.45
2024-10-21,258.535104564011,263.36274110979775,256.3790943723156,256.8946533203125,23966964,-0.6345,252.32,251.44,251.21,247.9,271.8,195.45
2024-10-22,257.69140740045356,260.36300470936936,254.90263502191155,255.65257263183594,18478300,-0.7912,253.47,251.69,251.69,248.41,271.8,195.45
2024-10-23,256.6134437401879,259.8943462172314,254.129337586152,256.47283935546875,12698576,-0.0548,253.32,251.87,252.02,248.95,271.8,195.45
2024-10-24,256.47281872887993,258.01952405079675,255.51198880217376,256.33221435546875,9576604,-0.0548,254.25,252.12,252.53,249.48,271.8,195.45
2024-10-25,257.66800099759826,258.72257671791584,253.3325230362926,254.71519470214844,10124540,-1.146,255.01,252.15,252.74,249.94,271.8,195.45
2024-10-28,254.7151865454729,262.378425091504,254.36366131662385,261.81597900390625,11185858,2.7877,257.01,252.55,252.87,250.33,271.8,195.45
2024-10-29,262.37843420176176,264.0657725231426,259.3084528179905,263.5033264160156,12055630,0.4287,257.91,253.03,253.03,250.73,271.8,195.45
2024-10-30,263.6439354216193,271.26031577824386,262.9877435172464,264.932861328125,20755492,0.4889,259.06,253.47,253.24,251.11,271.8,195.45
2024-10-31,264.7219184766117,265.4249689126901,256.98836367974934,258.6288146972656,15680094,-2.3017,259.49,253.97,253.45,251.35,271.8,195.45
2024-11-01,258.58196998971823,260.08181672195786,257.7851737312912,258.41790771484375,1962810,-0.0634,259.76,254.39,253.73,251.65,271.8,195.45
2024-11-04,258.25387829445106,258.9334994850865,250.3797185796895,253.47312927246094,9855560,-1.8512,259.36,254.61,253.76,251.92,271.8,195.45
2024-11-05,254.5042710014761,255.60570529865896,253.28566162556328,254.83236694335938,6862260,0.1289,259.37,255.0,253.9,252.14,271.8,195.45
2024-11-06,256.59001385603284,265.2140831830394,253.5668908591009,264.3001403808594,19554884,3.0048,259.73,255.77,254.28,252.58,271.8,195.45
2024-11-07,265.2843747406764,267.01857160441347,259.8708918962945,264.0657653808594,11997142,-0.4594,259.81,256.67,254.7,252.85,271.8,195.45
2024-11-08,264.81568938189946,271.2837482860708,264.81568938189946,266.69049072265625,20852658,0.708,260.06,257.62,255.12,253.13,271.8,195.45
2024-11-11,266.6904702357032,273.34602020555536,265.3077986316712,268.79962158203125,16139444,0.7909,261.51,258.19,255.62,253.46,273.35,195.45
2024-11-12,269.5026715246649,271.70556864813176,266.7138990283183,267.4638366699219,11260890,-0.7565,262.8,259.07,256.08,253.82,273.35,195.45
2024-11-13,267.1591910578455,268.84650082164734,265.0734688448139,266.69049072265625,11391200,-0.1754,264.69,259.93,256.42,254.13,273.35,195.45
2024-11-14,266.66706355556084,269.29177401068847,264.4407369456442,265.61248779296875,9783520,-0.3955,266.23,260.82,256.99,254.58,273.35,195.45
2024-11-18,265.6124572747471,265.6124572747471,253.23875830582824,259.1209411621094,15289764,-2.444,265.49,260.92,257.3,254.84,273.35,195.45
2024-11-19,260.5973745325706,267.06543314305475,259.9880698459302,263.4095764160156,12919778,1.0791,265.4,261.25,257.77,255.23,273.35,195.45
2024-11-21,263.40956806413783,266.0342782959199,260.26927033908703,261.1363830566406,11672608,-0.863,264.6,261.52,258.25,255.62,273.35,195.45
2024-11-22,263.3861572118334,268.8464989137181,261.487926589228,267.93255615234375,14733232,1.7261,264.48,262.09,258.88,256.05,273.35,195.45
2024-11-25,269.7370338937139,275.3848670226988,268.98712482533307,272.9945068359375,23297474,1.2076,265.27,262.93,259.78,256.69,275.38,195.45
2024-11-26,274.1896823954299,276.6972176206119,271.5180848968043,276.0644836425781,15771340,0.6838,266.61,263.99,260.72,257.24,276.7,195.45
2024-11-27,277.2362249186774,279.34537624941964,272.73671352263887,273.2054138183594,13659676,-1.4539,267.69,264.56,261.24,257.55,279.35,195.45
2024-11-28,274.54122196977573,274.6583970538431,267.41697113704186,268.1903381347656,11896556,-2.3133,268.99,264.8,261.86,257.74,279.35,195.45
2024-11-29,269.5026859800492,272.1977128398497,267.9090934374621,270.8384704589844,8540112,0.4956,270.05,265.09,262.57,257.98,279.35,195.45
2024-12-02,272.99453096804734,274.4474906441725,271.00255443392757,273.9787902832031,11194000,0.3605,271.89,265.86,263.44,258.41,279.35,195.45
2024-12-03,276.86127701481433,277.65807325800534,271.1899861368519,273.39288330078125,15445286,-1.2528,272.67,266.61,263.99,258.88,279.35,195.45
2024-12-04,276.2050688016564,278.40796583525986,273.533471488869,275.59576416015625,14036431,-0.2206,273.04,267.72,264.61,259.34,279.35,195.45
2024-12-05,276.53318412041773,282.0638420813867,275.50203771242764,280.5639953613281,13487264,1.4576,273.68,269.0,265.44,259.94,282.06,195.45
2024-12-06,280.42336297882645,280.42336297882645,277.65804857815607,278.7360534667969,7894350,-0.6017,274.47,269.72,266.18,260.46,282.06,195.45
2024-12-09,276.5331875522441,286.56338579786535,275.3614367575312,284.7354431152344,9285213,2.9661,276.83,270.76,267.13,261.12,286.56,195.45
2024-12-10,286.8445938175806,291.5315969845345,284.4542336453129,288.8131408691406,17028502,0.6863,279.4,271.86,268.26,261.82,291.53,195.45
2024-12-11,288.8600334803149,290.5004847819637,286.4227858249966,289.6568298339844,8608406,0.2758,281.64,272.91,269.19,262.53,291.53,195.45
2024-12-12,288.7193724614554,294.1562842662282,288.20381359636644,289.7505187988281,12958440,0.3571,283.98,274.02,270.07,263.25,294.16,195.45
2024-12-13,289.75053651755866,291.5784505569044,285.1572792144073,290.5473327636719,7382211,0.275,286.11,275.21,270.92,263.94,294.16,195.45
2024-12-16,290.59420841136273,291.90656363113567,287.8757521831477,289.84429931640625,7221189,-0.2581,287.44,276.43,271.96,264.77,294.16,195.45
2024-12-17,291.5315798382218,292.7033305610442,288.0631862557892,289.51617431640625,10568517,-0.6913,288.98,277.95,273.0,265.56,294.16,195.45
2024-12-18,289.65681539218355,293.6407683546974,289.23497363562603,293.0314636230469,10965226,1.1651,290.17,279.43,274.32,266.43,294.16,195.45
2024-12-19,287.17269956831524,293.7813628165425,282.2982046653291,293.17205810546875,12405595,2.0891,290.79,281.03,275.6,267.36,294.16,195.45
2024-12-20,295.74991150702635,299.96821452376685,285.34475834429355,286.0946960449219,22214824,-3.2647,290.28,281.94,276.32,268.1,299.97,195.45
2024-12-23,287.4070315242057,291.203492535669,285.9071848331499,288.6256408691406,6693583,0.424,290.12,282.72,277.14,268.95,299.97,195.45
2024-12-24,288.2506777241663,289.84427014958453,283.8448835648537,286.1883850097656,8837902,-0.7155,289.5,283.22,277.79,269.72,299.97,195.45
2024-12-26,286.282136457567,287.73512454649966,284.96978134386995,285.95404052734375,6516148,-0.1146,288.94,283.86,278.36,270.29,299.97,195.45
2024-12-27,286.0946623365019,291.4378283638418,285.625962056532,289.7505187988281,8063921,1.2778,288.97,284.94,279.1,271.09,299.97,195.45
2024-12-30,289.7505255351542,290.031734266796,283.7042803400973,284.6885681152344,13709891,-1.747,287.78,285.63,279.7,271.8,299.97,195.45
2024-12-31,282.11075183055044,284.0324118207817,276.7675564029234,282.95440673828125,9337030,0.2991,286.32,286.08,280.28,272.5,299.97,195.45
2025-01-01,281.2201645693241,284.3604621284538,280.23590543620924,281.5013732910156,7878201,0.1,285.67,286.49,281.03,272.99,299.97,195.45
2025-01-02,279.3453756223808,285.3916208664818,278.54857940000534,284.78228759765625,8800435,1.9463,285.12,286.95,281.74,273.54,299.97,195.45
2025-01-03,284.3136122169954,284.7823125527354,275.59579741511095,276.01763916015625,12535720,-2.9179,283.66,286.72,282.24,273.95,299.97,195.45
2025-01-06,276.5332060920679,279.15791660531636,272.36176154034183,275.87701416015625,9173687,-0.2373,282.22,286.58,282.5,274.34,299.97,195.45
2025-01-07,275.87698931370414,278.8766827219958,273.06478747112936,275.64263916015625,7381943,-0.0849,280.21,286.12,282.59,274.72,299.97,195.45
2025-01-08,274.6583919292054,279.7672369420987,271.1899980626469,278.9235534667969,7937785,1.5529,279.39,285.63,282.69,275.21,299.97,195.45
2025-01-09,278.40799174281796,279.34539238841666,273.1116838166247,274.002197265625,7964702,-1.5825,278.11,284.84,282.71,275.45,299.97,195.45
2025-01-10,275.8769943454597,284.2667414383746,275.8769943454597,281.7357482910156,19505556,2.1237,278.14,284.44,283.16,275.82,299.97,195.45
2025-01-13,280.23590232557234,280.51711104414244,272.0805062007096,273.5803527832031,9541248,-2.375,276.54,283.59,283.26,275.99,299.97,195.45
2025-01-14,273.5334734727269,276.11132502693494,268.6121205056024,274.51776123046875,7670070,0.3598,276.33,282.83,283.27,276.31,299.97,195.45
2025-01-15,274.658357139617,276.2519494942262,271.5649468126628,274.33026123046875,4662694,-0.1195,276.1,282.07,283.3,276.63,299.97,195.45
2025-01-16,277.3768190878434,277.9392651434681,268.7527511279784,270.0182189941406,10345666,-2.6529,275.3,280.92,283.12,276.96,299.97,195.45
2025-01-17,269.7839116227367,269.7839116227367,262.94089791489023,264.3001403808594,9358955,-2.0327,273.21,279.47,282.58,277.15,299.97,195.45
2025-01-20,283.0949798507754,286.28213615414626,278.3611182862153,281.45452880859375,39380165,-0.5795,274.28,279.24,282.67,277.49,299.97,195.45
2025-01-21,283.4699536590357,286.7039973765929,279.1579049046921,279.6734924316406,15619474,-1.3393,273.98,278.79,282.5,277.8,299.97,195.45
2025-01-22,280.6108633394152,290.594173581335,280.6108633394152,289.7505187988281,30859317,3.2571,276.29,278.97,282.53,278.26,299.97,195.45
2025-01-23,291.6253448776712,304.28025351993773,291.20350314671674,297.81219482421875,39904371,2.1215,279.62,279.57,282.8,278.84,304.28,195.45
2025-01-24,299.03077384511084,302.3116757525023,296.7810182586241,300.0619201660156,17479586,0.3448,283.3,280.08,283.14,279.5,304.28,195.45
2025-01-27,297.9058885625328,299.17138504862663,287.54762374656946,288.6725158691406,12372895,-3.0994,285.96,280.28,283.08,279.94,304.28,195.45
2025-01-28,290.6323746665909,294.0740796754033,288.2900955031316,290.2499694824219,12077491,-0.1316,289.67,280.65,283.1,280.43,304.28,195.45
2025-01-29,291.63618831954506,300.86187738666854,291.63618831954506,298.7108154296875,16338112,2.4258,292.13,281.51,283.4,281.22,304.28,195.45
2025-01-30,297.3245918743047,299.9058781363986,292.49666403020615,295.41253662109375,9984186,-0.6431,294.38,282.04,283.48,281.86,304.28,195.45
2025-01-31,297.99380954721744,301.81791988250086,295.9383269014854,298.18499755859375,15597644,0.0642,295.59,283.15,283.65,282.6,304.28,195.45
2025-02-01,298.80639980983835,299.4756307667261,290.01096383380866,291.3971862792969,6046117,-2.4796,294.67,283.92,283.83,283.07,304.28,195.45
2025-02-03,289.6763439630714,300.19264687922254,287.0950579406672,299.81024169921875,14877076,3.4984,294.63,285.13,284.2,283.61,304.28,195.45
2025-02-04,304.0167677325222,304.8293970034145,299.57124536024196,302.3437194824219,15366864,-0.5503,296.59,286.3,284.74,284.13,304.83,195.45
2025-02-05,303.825543331492,307.3150672250492,301.0530692751639,303.1563415527344,9628027,-0.2203,298.43,287.76,285.31,284.73,307.32,195.45
2025-02-06,305.92880838148284,309.3705133109035,300.71844669347786,303.9689636230469,15062390,-0.6406,299.18,288.87,285.78,285.45,309.37,195.45
2025-02-07,304.97278167916545,304.97278167916545,300.1926440352914,304.0167541503906,8589587,-0.3135,300.41,290.39,286.43,286.11,309.37,195.45
2025-02-10,304.781561967451,306.88483418351484,301.961298286416,305.02056884765625,12304840,0.0784,301.39,291.92,287.16,286.73,309.37,195.45
2025-02-11,305.45081258658024,306.3112315756385,297.89820052050766,299.23663330078125,10627890,-2.0344,302.51,293.16,287.76,287.25,309.37,195.45
2025-02-12,299.6668737481264,301.86572563753896,295.7471546109734,296.5597839355469,9668342,-1.0368,302.04,294.49,288.15,287.67,309.37,195.45
2025-02-13,296.6553480791362,299.8580463253531,293.4526790085659,294.9822998046875,8832731,-0.564,300.99,296.02,288.78,287.96,309.37,195.45
2025-02-14,296.41636043063266,298.6630312373382,291.1582083694977,294.5521240234375,7371341,-0.6289,299.76,296.68,289.4,288.27,309.37,195.45
2025-02-17,294.5521105785314,296.65535380159326,288.72033635997207,291.92303466796875,7507772,-0.8926,298.04,297.29,289.95,288.42,309.37,195.45
2025-02-18,291.92303729501725,298.99763579197605,291.92303729501725,298.4718322753906,10368789,2.2433,297.25,297.73,290.6,288.61,309.37,195.45
2025-02-19,297.5635846018467,302.58272940235975,294.7432915674903,300.28826904296875,7835672,0.9157,296.57,297.85,291.47,288.82,309.37,195.45
2025-02-20,297.51577255348104,300.47943449168673,296.60753474942175,299.5234069824219,7697134,0.6748,296.61,297.82,292.07,289.02,309.37,195.45
2025-02-21,299.0454193049779,299.0454193049779,291.6362054620812,292.8790588378906,8722925,-2.062,296.09,298.03,292.71,289.06,309.37,195.45
2025-02-24,289.62856900845134,289.96315532321836,280.450698342668,282.075927734375,12600963,-2.6077,294.24,297.63,292.96,288.91,309.37,195.45
2025-02-25,281.40674658488786,283.2709830100644,277.3436290439112,278.4908447265625,10810040,-1.0362,291.95,296.61,293.1,288.69,309.37,195.45
2025-02-27,281.0721265601788,282.7929646443696,278.5386591457014,281.5501403808594,15555649,0.1701,290.47,295.92,293.48,288.46,309.37,195.45
2025-02-28,281.07212843212847,281.07212843212847,264.8196584207469,265.4410705566406,17458839,-5.5612,285.75,294.28,293.52,287.9,309.37,195.45
2025-03-03,267.1619143334405,273.7584986875257,267.0184868583757,271.08160400390625,11471554,1.4672,281.58,293.27,293.18,287.6,309.37,195.45
2025-03-04,266.7316860743931,270.6514048590025,264.1504000227699,267.6877136230469,9331785,0.3584,277.03,291.66,292.78,287.18,309.37,195.45
2025-03-05,269.0261627467088,274.3321334703956,266.39708682773204,272.5634765625,10285712,1.3149,274.13,290.17,292.2,286.91,309.37,195.45
2025-03-06,275.7661654071248,279.16005162477023,271.033817245282,273.3282775878906,9782051,-0.884,272.88,288.68,291.39,286.66,309.37,195.45
2025-03-07,274.7623193772562,275.0491451553082,270.4601952872919,272.2766418457031,8097300,-0.9047,271.99,287.1,290.46,286.31,309.37,195.45
2025-03-10,271.94207234668045,273.0892880028726,265.7278927214502,268.54815673828125,8165123,-1.248,270.13,285.32,289.79,285.99,309.37,195.45
2025-03-11,264.81963094991136,267.01848264133116,261.18673793565813,265.5366516113281,8602609,0.2708,270.15,283.35,288.97,285.64,309.37,195.45
2025-03-12,265.48888718012614,265.48888718012614,250.67045876671983,256.7412109375,18584311,-3.2949,268.1,281.23,287.57,285.14,309.37,195.45
2025-03-13,256.7411949468078,259.17908278127226,251.76986903603944,252.3912811279297,8683943,-1.6943,265.91,279.02,286.13,284.5,309.37,195.45
2025-03-17,252.3912756253402,253.53852036662278,247.5155292383579,248.42376708984375,12697926,-1.572,262.46,276.69,284.48,283.94,309.37,195.45
2025-03-18,248.42376708984375,248.42376708984375,248.42376708984375,248.42376708984375,0,0.0,258.91,274.38,283.04,283.39,309.37,195.45
2025-03-19,250.4792267992334,254.78135092364772,244.98206819581512,254.01654052734375,14044300,1.4122,256.3,272.49,281.52,282.96,309.37,195.45
2025-03-20,257.3626378399473,261.9037688737735,255.7373792733719,256.21539306640625,17038774,-0.4458,254.54,270.37,279.98,282.51,309.37,195.45
2025-03-21,252.39128871477692,257.69723027318094,248.75839547171705,252.67808532714844,22659168,0.1136,252.7,267.99,278.3,282.08,309.37,195.45
2025-03-24,255.30716228299886,259.7048951362335,253.72972255728627,257.5538330078125,9269617,0.88,252.81,265.9,276.75,281.6,309.37,195.45
2025-03-25,260.0394931244234,262.62077917496083,257.5060259566859,259.0834655761719,12563930,-0.3676,253.77,264.21,275.25,281.31,309.37,195.45
2025-03-26,260.0395021183696,260.278509013699,255.02035731645256,255.6417694091797,7308412,-1.6912,254.8,262.88,273.61,280.93,309.37,195.45
2025-03-27,258.1274405933101,261.521326753075,257.74503540533806,260.230712890625,14783522,0.8148,256.49,261.97,272.31,280.65,309.37,195.45
2025-03-28,259.08347247099175,259.8961017437606,250.09681911340022,250.71823120117188,14283389,-3.2288,256.02,260.43,270.78,280.26,309.37,195.45
2025-04-01,248.9017791928424,251.4352463724932,247.13312238513114,251.05284118652344,8388635,0.8642,255.28,259.71,269.31,280.0,309.37,195.45
2025-04-02,251.24404103160617,253.87311692555642,249.61881162073414,252.00888061523438,7136992,0.3044,255.18,258.76,267.89,279.41,309.37,195.45
2025-04-03,248.4715688242457,249.04519122265188,244.07385059181817,245.0776824951172,12262561,-1.3659,253.4,257.63,266.33,278.72,309.37,195.45
2025-04-04,241.87497092125852,242.78319417909,234.08335219904274,235.46958923339844,14639785,-2.6482,250.03,255.77,264.23,277.63,309.37,195.45
2025-04-07,220.89016799643343,233.12732353468408,217.97428105597103,232.21908569335938,13011904,5.1288,246.68,253.72,261.96,276.32,309.37,195.45
2025-04-08,233.98775388835296,238.52888496483783,233.1273348879378,236.37782287597656,13806651,1.0215,243.27,251.92,259.86,275.05,309.37,195.45
2025-04-09,230.11584172171595,231.64549172561502,223.71045968255785,226.24392700195312,19063559,-1.6826,239.78,249.81,257.64,273.8,309.37,195.45
2025-04-11,234.2267558522468,234.2267558522468,227.86917831424364,229.20761108398438,11205821,-2.1429,236.66,247.99,255.88,272.58,309.37,195.45
2025-04-15,234.27456860177384,234.27456860177384,230.7372693645474,233.27073669433594,10694621,-0.4285,233.98,246.82,254.37,271.27,309.37,195.45
2025-04-16,233.27072857099728,237.52504836712504,230.59384844032286,236.76022338867188,16203319,1.4959,232.79,246.03,252.88,270.09,309.37,195.45
2025-04-17,224.6664788678326,227.3433589804182,221.94179445919988,226.48292541503906,54875421,0.8085,231.51,244.94,251.58,268.66,309.37,195.45
2025-04-21,226.9609356062515,230.2114380442893,226.9609356062515,227.9647674560547,16298364,0.4423,230.9,243.91,250.14,267.39,309.37,195.45
2025-04-22,227.9647728170045,228.49059090191665,223.2324392284416,223.85385131835938,18367713,-1.8033,229.11,242.41,248.68,265.87,309.37,195.45
2025-04-23,226.76973574749184,234.56136916342427,225.71811417753992,232.88832092285156,31898042,2.6981,230.06,241.24,247.36,264.48,309.37,195.45
2025-04-24,234.03554295360982,234.37014383740578,230.88064917771626,232.07568359375,23000820,-0.8374,230.47,240.21,245.98,263.06,309.37,195.45
2025-04-25,233.22292437952927,235.32618213035408,227.58236751306862,230.30703735351562,16620430,-1.2503,230.05,238.85,244.58,261.59,309.37,195.45
2025-04-28,229.9246368408203,231.31087393747262,228.25158854779977,229.9246368408203,14218414,0.0,229.07,237.39,243.29,260.11,309.37,195.45
2025-04-29,230.97626662263193,232.88832176160133,229.3032183760337,230.78504943847656,16647246,-0.0828,229.69,236.15,242.14,258.62,309.37,195.45
2025-04-30,230.92846530739808,232.69710758108045,228.68179465498002,230.8806610107422,14206640,-0.0207,230.1,234.68,241.27,257.25,309.37,195.45
2025-05-02,231.3969048811204,234.99157785344963,230.16363574375234,231.052734375,10822257,-0.1487,231.13,233.7,240.56,255.94,309.37,195.45
2025-05-05,233.27073452426686,236.01452906962498,232.02789572604007,232.85964965820312,12170446,-0.1762,231.13,232.79,240.04,254.7,309.37,195.45
2025-05-06,233.7487539088033,235.08718674636222,230.0298070374891,230.5843048095703,8869045,-1.3538,230.91,231.71,239.45,253.42,309.37,195.45
2025-05-07,225.63205980019728,233.70093476268548,225.63205980019728,233.3089599609375,9130056,3.4024,231.34,231.13,238.76,252.25,309.37,195.45
2025-05-08,232.41986209217805,235.02025823803473,228.7869544247762,230.9475860595703,11434833,-0.6335,231.49,230.9,237.92,250.9,309.37,195.45
2025-05-09,226.19612707242462,232.26689334025846,226.10051848106667,231.36822509765625,10582438,2.2866,231.57,230.86,237.21,249.52,309.37,195.45
2025-05-12,234.3128027502575,246.59776333804783,234.1120451219244,245.96678161621094,19791711,4.9737,233.73,231.34,236.82,248.45,309.37,195.45
2025-05-13,245.65130675971545,245.65130675971545,239.59963563280942,240.50787353515625,11714159,-2.0938,235.08,232.05,236.2,247.4,309.37,195.45
2025-05-14,240.5078586142634,242.5346323593957,239.72390901830983,241.81761169433594,8839105,0.5446,236.36,232.68,235.74,246.6,309.37,195.45
2025-05-15,242.06618669463595,245.79470310723363,239.59963372293012,245.2880096435547,12083645,1.331,238.46,233.28,235.24,245.93,309.37,195.45
2025-05-16,245.69908156861143,245.69908156861143,242.381664786632,243.1273651123047,6640387,-1.0467,239.86,233.6,234.99,245.17,309.37,195.45
2025-05-19,243.12737520712,243.5384746583959,240.23061276300297,240.67994689941406,6788784,-1.0066,241.25,234.31,234.64,244.67,309.37,195.45
2025-05-20,241.87498444087518,243.4046344463817,238.34724023889126,238.7296600341797,9366429,-1.3004,242.3,234.85,234.2,244.02,309.37,195.45
2025-05-21,238.7296588628064,241.02411927198438,237.19045384040393,239.88644409179688,5313593,0.4846,241.43,235.65,234.03,243.47,309.37,195.45
2025-05-22,238.05086933031822,238.90173329983332,234.22675897963038,235.12542724609375,11469037,-1.2289,240.66,235.76,234.02,242.72,309.37,195.45
2025-05-23,235.27839693227736,239.47535749023734,234.8003831348431,236.4829864501953,7437642,0.512,239.9,235.98,234.16,241.98,309.37,195.45
2025-05-26,237.56331029525484,239.81953607858665,237.28605411423132,239.23635864257812,3690751,0.7043,239.04,236.43,234.25,241.32,309.37,195.45
2025-05-27,239.95336787014628,239.95336787014628,237.08528512638918,237.33384704589844,6861143,-1.0917,238.21,236.8,234.62,240.7,309.37,195.45
2025-05-28,238.61491930645585,239.140737391071,236.10057670009755,236.54989624023438,6205160,-0.8654,237.62,237.09,234.87,240.12,309.37,195.45
2025-05-29,238.67227305837383,240.6703817332923,237.19044201969984,239.14073181152344,11785042,0.1963,237.68,237.5,235.06,239.76,309.37,195.45
2025-05-30,239.00689710471704,240.0680883113749,237.59198035844764,238.69140625,13858429,-0.132,237.51,237.88,235.13,239.49,309.37,195.45
2025-06-02,236.71244054108845,237.49637559055304,235.37399314304562,236.78890991210938,5846259,0.0323,237.75,238.08,235.47,239.26,309.37,195.45
2025-06-03,237.09484010992873,238.52888148156134,234.9246534162675,235.3931121826172,8573438,-0.7177,237.59,238.32,235.72,239.0,309.37,195.45
2025-06-04,235.67034363231838,238.82523743186326,235.67034363231838,236.0049591064453,6698150,0.142,237.13,238.45,236.12,238.64,309.37,195.45
2025-06-05,236.04319875424977,238.5193212216614,236.0240887062802,237.0374755859375,6468060,0.4212,237.09,238.76,236.26,238.25,309.37,195.45
2025-06-06,236.23441802954062,238.98776750731147,236.23441802954062,237.6588897705078,4445411,0.603,237.25,239.07,236.45,237.95,309.37,195.45
2025-06-09,238.62449892167552,242.25739219424057,238.26120375928954,240.24017333984375,9193904,0.6771,237.4,238.79,236.78,237.61,309.37,195.45
2025-06-10,241.77937470124814,244.5518634996342,240.75643275281624,243.66275024414062,10739851,0.779,238.11,238.94,237.24,237.3,309.37,205.78
2025-06-11,244.7621797999991,250.09683023683849,242.92662311522986,247.53468322753906,17268454,1.1327,239.65,239.23,237.8,237.14,309.37,212.13
2025-06-12,248.56717017950135,251.43525291234172,245.0489956960389,248.19430541992188,14528657,-0.15,241.48,239.37,238.37,236.9,309.37,217.97
2025-06-13,243.78703354142425,250.71823351466082,242.83100595890886,248.76792907714844,8692116,2.0431,243.3,239.66,238.96,236.86,309.37,217.97
2025-06-16,248.5671597955976,253.64366368660225,246.65510472024687,251.33009338378906,10935361,1.1115,245.34,240.19,239.58,236.86,309.37,217.97
2025-06-17,251.33010259826244,253.77753085038947,250.1541781805768,251.34921264648438,7528454,0.0076,247.3,240.82,240.27,236.85,309.37,217.97
2025-06-18,251.33964354462043,253.92092966647772,249.551876648098,250.08724975585938,5016660,-0.4983,248.7,241.33,240.83,236.95,309.37,217.97
2025-06-19,251.29185778614354,254.72399333206667,250.29758092368093,253.90179443359375,14184486,1.0386,250.17,242.27,241.6,237.32,309.37,217.97
2025-06-20,254.30333228264814,255.45057703087332,251.3109613361813,254.81959533691406,12904674,0.203,251.21,243.19,242.38,237.77,309.37,217.97
2025-06-23,252.39129370236992,253.53853852582162,250.29759086374162,251.66470336914062,6214062,-0.2879,251.7,243.81,242.57,238.08,309.37,217.97
2025-06-24,253.82532749356554,256.83680859480046,253.0700575212962,253.31863403320312,6319428,-0.1996,252.35,244.61,242.99,238.62,309.37,217.97
2025-06-25,254.20771898265866,258.0891884905033,254.15992927555354,257.5633850097656,5331739,1.32,253.24,245.66,243.52,239.18,309.37,217.97
2025-06-26,257.2670061850603,259.370249180491,255.4409901582738,256.7124938964844,8564099,-0.2155,254.01,246.54,243.9,239.65,309.37,217.97
2025-06-27,257.17141639795153,258.12744396820415,252.86929233181482,253.3950958251953,8906108,-1.4684,254.48,247.27,244.24,239.99,309.37,217.97
2025-06-30,254.39894410501742,255.01078658303396,251.33964418799587,254.2842254638672,7119563,-0.0451,254.54,248.15,244.7,240.54,309.37,217.97
2025-07-01,253.825306294754,256.5499905590356,252.1044684308101,252.9170684814453,3886095,-0.3578,254.27,249.02,245.17,241.04,309.37,217.97
2025-07-02,253.34731369875792,256.88462748481066,252.8215101896419,255.25936889648438,8750887,0.7547,254.78,249.98,245.68,241.67,309.37,217.97
2025-07-03,256.5978025215564,258.9400818165316,254.73356620319072,255.30715942382812,9357962,-0.503,255.06,250.9,246.35,242.12,309.37,217.97
2025-07-04,256.50221401676157,259.4659056499897,255.73740354557657,258.1752624511719,7141779,0.6523,255.15,251.92,247.08,242.64,309.37,217.97
2025-07-07,258.1752311140299,258.65324489441184,255.54615532192918,255.97637939453125,4849218,-0.8517,255.04,252.71,247.64,243.15,309.37,217.97
2025-07-08,256.02415940654697,258.41422821794356,255.59396452588237,257.7928161621094,5519016,0.6908,255.67,253.42,248.32,243.71,309.37,217.97
2025-07-09,256.2153871048982,257.553819859123,253.203906113981,256.024169921875,11564433,-0.0746,255.92,253.84,248.97,244.21,309.37,217.97
2025-07-10,255.78516475082685,255.78516475082685,251.57864927684457,253.3950958251953,6911031,-0.9344,255.99,254.1,249.44,244.66,309.37,217.97
2025-07-11,249.52319590064903,250.5270131794162,246.41610629652217,246.94190979003906,13109857,-1.0345,254.8,254.01,249.72,244.98,309.37,217.97
2025-07-14,246.94190727505418,248.13694172600904,240.58432983110347,243.07000732421875,10388421,-1.5679,253.05,253.6,249.93,245.19,309.37,217.97
2025-07-15,242.83100920352794,248.42377647110078,241.68377900674525,246.0814971923828,8750149,1.3386,251.33,253.33,250.28,245.5,309.37,217.97
2025-07-16,246.08150571405562,252.39129389660022,244.79086258059118,251.24404907226562,12179338,2.0979,250.65,253.39,250.79,245.86,309.37,217.97
2025-07-17,252.24788247748376,252.72589626683822,246.65511530690716,249.1407928466797,7484171,-1.2318,249.41,253.15,251.19,246.22,309.37,217.97
2025-07-18,256.7890180670817,259.94389746296383,253.9209352796809,255.21157836914062,30319126,-0.6143,249.3,253.17,251.78,246.7,309.37,217.97
2025-07-21,255.21156685760755,255.40275486275578,247.80235332435427,248.9017791748047,12190000,-2.4724,248.66,253.04,252.07,246.75,309.37,217.97
2025-07-22,250.192420079337,250.62261496899794,247.37212715265252,248.28036499023438,6724044,-0.7642,248.85,252.78,252.22,246.91,309.37,217.97
2025-07-23,248.80616803289453,250.24020934720517,246.79850435773062,249.9055938720703,6510321,0.4419,249.82,252.4,252.3,247.07,309.37,217.97
2025-07-24,250.47922899208316,251.8176617851558,248.80618070683067,250.33583068847656,8139900,-0.0572,250.43,252.08,252.37,247.17,309.37,217.97
2025-07-25,250.28801660936216,250.52702351184462,244.79085785226582,247.8023681640625,8427780,-0.9931,249.94,251.8,252.34,247.27,309.37,217.97
2025-07-28,247.60738980612828,247.60738980612828,242.7332285894722,243.75680541992188,8998911,-1.5551,249.17,251.28,252.09,247.33,309.37,217.97
2025-07-29,242.9281836016165,246.34009633443347,241.02726376828457,245.46275329589844,12923128,1.0433,247.78,250.9,251.89,247.46,309.37,217.97
2025-07-30,245.12155539507043,246.14513218703763,242.92818293003742,243.90301513671875,6057152,-0.4971,247.06,250.34,251.68,247.54,309.37,217.97
2025-07-31,241.85587881684572,243.85427296047746,239.85746979845484,242.05084228515625,7338764,0.0806,246.17,249.67,251.29,247.68,309.37,217.97
2025-08-01,240.29613896378774,240.68606589658398,236.10435749981247,236.64051818847656,7436999,-1.5213,244.28,248.6,250.68,247.68,309.37,217.97
2025-08-04,236.64051839138318,240.21815080825093,235.0320511987707,239.8574676513672,5234393,1.3594,242.78,247.79,250.29,247.7,309.37,217.97
2025-08-05,239.85746895680657,240.7348119985049,238.37571982827956,239.7209930419922,7383968,-0.0569,241.63,246.89,249.84,247.74,309.37,217.97
2025-08-06,239.80872590831794,239.80872590831794,233.2870959823132,233.92074584960938,7700190,-2.4553,240.22,245.78,249.05,247.69,309.37,217.97
2025-08-07,233.0921411684065,237.05970071274936,232.60472504073846,236.2213592529297,6190830,1.3425,238.9,244.92,248.37,247.63,309.37,217.97
2025-08-08,236.2993246485287,237.12793798708202,232.3999957607658,233.0336456298828,8922847,-1.382,237.35,244.23,247.69,247.52,309.37,217.97
2025-08-11,233.0336446237802,238.5901852899006,232.61445903528065,235.53895568847656,3047287,1.0751,236.42,243.85,247.06,247.5,309.37,217.97
2025-08-12,236.59177549712652,240.09141957743057,235.03205287869676,235.63644409179688,8101435,-0.4038,236.28,243.33,246.49,247.5,309.37,217.97
2025-08-13,236.77700412958293,236.77700412958293,234.07671463760067,235.56820678710938,5820844,-0.5105,235.66,242.54,245.83,247.49,309.37,217.97
2025-08-14,236.98172361315326,242.17756636517944,236.30908698725327,240.5983428955078,12857225,1.5261,235.79,242.12,245.34,247.56,309.37,217.97
2025-08-18,242.3822874367516,242.7429706054472,238.59993358753013,239.0386199951172,5789317,-1.3795,236.52,241.31,244.7,247.59,309.37,217.97
2025-08-19,239.28233472982822,241.27098600900808,238.61944105359495,240.7445831298828,4090961,0.6111,237.17,240.9,244.19,247.6,309.37,217.97
2025-08-20,239.12635241728586,246.52532557896734,239.12635241728586,244.52691650390625,10099384,2.2585,238.81,240.71,243.75,247.62,309.37,217.97
2025-08-21,246.3791078589765,246.3791078589765,243.32787816102336,243.62033081054688,7607486,-1.1197,239.96,240.4,243.34,247.54,309.37,217.97
2025-08-22,245.65773070556986,246.6325629702745,241.37821765850688,242.38229370117188,13572686,-1.3333,240.93,240.0,242.97,247.42,309.37,217.97
2025-08-25,244.2929690295729,250.81459919486161,244.2929690295729,247.451416015625,16391069,1.2929,242.62,239.98,242.99,247.4,309.37,217.97
2025-08-26,246.63255439625433,248.40675619622257,244.9850855462151,245.6869659423828,15797327,-0.3834,243.35,240.08,243.08,247.28,309.37,217.97
2025-08-28,245.67722032009752,245.99891673776128,242.81121121251053,244.34169006347656,5851451,-0.5436,244.11,240.02,243.02,247.14,309.37,217.97
2025-08-29,244.19548291273827,246.73005275714573,242.4017951111859,243.13291931152344,10117017,-0.4351,244.45,239.99,242.75,247.01,309.37,217.97
2025-09-01,243.142661030958,246.62281934658193,243.123160220783,244.0590057373047,3198345,0.3769,244.38,240.09,242.58,246.81,309.37,217.97
2025-09-02,244.05899265747667,246.77876797811365,243.31812553289043,244.61463928222656,5046939,0.2277,244.52,240.48,242.22,246.6,309.37,217.97
2025-09-03,245.56023287741706,246.04764899259635,242.85020046700103,243.2791290283203,3862765,-0.9289,244.65,240.66,242.04,246.44,309.37,217.97
2025-09-04,243.2206458758789,244.03950139425618,238.2879970809629,238.80465698242188,5021036,-1.8156,243.42,240.61,241.72,246.15,309.37,217.97
2025-09-05,239.90621883891225,241.09551535487674,235.19777736172693,237.53736877441406,6233782,-0.9874,242.25,240.79,241.31,245.75,309.37,217.97
2025-09-08,238.21000856602762,240.77382213657367,236.1043673417334,236.41632080078125,6596932,-0.753,241.12,240.8,240.84,245.34,309.37,217.97
2025-09-09,238.83389256709856,243.5618347576162,238.83389256709856,242.8794403076172,12836972,1.6939,241.08,241.29,240.68,245.13,309.37,217.97
2025-09-10,243.02567441536718,250.69761406985873,242.97692982961703,249.31333923339844,15261331,2.5872,241.83,241.98,240.87,245.03,309.37,217.97
2025-09-11,249.26459645464794,249.26459645464794,245.82343989732132,247.5196533203125,5865301,-0.7,242.25,242.58,240.93,244.92,309.37,217.97
2025-09-12,248.4652524024239,249.45957060265388,244.5074357874524,245.5992431640625,5345794,-1.1535,242.58,243.08,240.99,244.73,309.37,217.97
2025-09-15,245.17030534459616,245.45300014582503,243.31813006128027,244.95584106445312,3700703,-0.0875,243.46,243.3,241.09,244.52,309.37,217.97
2025-09-16,245.65771906058336,248.0947996068193,243.90301809234163,247.61712646484375,7316998,0.7976,244.9,243.72,241.45,244.31,309.37,217.97
2025-09-17,246.92500261772264,249.06963051215138,246.4863310966648,247.75360107421875,7339871,0.3356,246.52,244.07,241.72,244.15,309.37,217.97
2025-09-18,250.53188370180976,253.26140205244997,249.557051469507,250.46363830566406,10498239,-0.0272,247.6,244.37,242.08,244.0,309.37,217.97
2025-09-19,250.53188608599783,251.17527893538278,248.28976895541248,249.44007873535156,10741757,-0.4358,247.62,244.66,242.59,243.87,309.37,217.97
2025-09-22,242.29455445414862,245.44325840137773,240.98828283204853,244.02975463867188,15784007,0.7162,247.12,244.74,242.85,243.68,309.37,217.97
2025-09-23,243.92252905470636,245.6577292858718,242.48952444389133,243.34738159179688,8674114,-0.2358,246.8,244.54,243.2,243.61,309.37,217.97
2025-09-24,242.08009737465142,242.8502083166328,238.10277996125882,238.43421936035156,7888797,-1.5061,245.87,244.18,243.29,243.52,309.37,217.97
2025-09-25,239.27257691489723,239.45779742555374,235.20752814724804,235.90940856933594,7957740,-1.4056,244.2,243.76,243.3,243.31,309.37,217.97
2025-09-26,235.37323685334195,235.47072602537375,229.09531496833094,229.8166961669922,16999628,-2.3607,241.63,243.09,243.11,242.88,309.37,217.97
2025-09-29,230.9182635642424,234.72984628139795,230.34310124332197,233.60879516601562,8894412,1.1651,239.23,242.57,242.88,242.57,309.37,217.97
2025-09-30,233.89148471164037,235.42197841930238,232.98489789736342,233.3455810546875,5590909,-0.2334,236.93,242.0,242.69,242.14,309.37,217.97
2025-10-01,233.95973001432264,237.43988813817003,231.85408887425157,235.0028076171875,9479378,0.4458,235.64,241.59,242.5,241.86,309.37,217.97
2025-10-03,234.91506958007812,235.32449733686522,232.0685612175871,234.91506958007812,10968346,0.0,234.43,241.4,242.18,241.59,309.37,217.97
2025-10-06,233.95973540089406,236.8452453490659,233.29685662380936,236.0361328125,6064946,0.8875,234.09,241.32,241.92,241.31,309.37,217.97
2025-10-07,236.786745094051,238.83389874750486,236.04587794672727,237.40089416503906,6587728,0.2594,234.3,241.37,241.76,241.05,309.37,217.97
2025-10-08,237.1279356552237,240.14992146342618,236.46505689070705,238.1222686767578,7360563,0.4193,235.49,241.13,241.45,240.86,309.37,217.97
2025-10-09,237.8493198184994,240.5885959894731,237.04020728716665,240.1986541748047,4629760,0.9877,236.43,240.68,241.26,240.79,309.37,217.97
2025-10-10,241.75840103104505,244.9266058832664,240.05244457215662,242.44078063964844,7070200,0.2823,237.73,240.42,241.2,240.73,309.37,217.97
2025-10-13,239.86721916970842,241.46594345215223,238.35622621913274,238.96063232421875,6717589,-0.378,238.3,240.09,241.06,240.63,309.37,217.97
2025-10-14,239.6137605282582,243.85427172283678,238.94112392245552,242.16781616210938,7888607,1.0659,239.33,239.95,241.0,240.63,309.37,217.97
2025-10-15,243.7080594468892,245.78445687329972,242.28479783482518,243.91278076171875,13278925,0.084,240.46,239.77,240.97,240.78,309.37,217.97
2025-10-16,244.0979834561764,247.67563081561443,242.5382608193318,247.4221649169922,10661302,1.3618,241.89,239.75,241.11,240.93,309.37,217.97
2025-10-17,243.70806129004103,243.70806129004103,233.09213873523723,234.8370819091797,43802251,-3.64,241.42,238.97,240.98,240.83,309.37,217.97
2025-10-20,234.83707906104348,235.8509129135795,233.24811263554014,235.1685333251953,9871824,0.1411,240.7,238.25,240.9,240.86,309.37,217.97
2025-10-21,234.93456700499294,236.0653759596895,234.31067497391194,235.28550720214844,2082336,0.1494,239.68,237.82,240.86,240.84,309.37,217.97
2025-10-23,238.63893589655402,241.56343262353442,237.24491805515171,238.15151977539062,18964626,-0.2042,239.56,237.56,240.71,240.94,309.37,217.97
2025-10-24,238.83389610245257,239.69175322388642,236.06537614206434,236.86473083496094,6803979,-0.8245,238.81,237.48,240.29,240.97,309.37,217.97
2025-10-27,237.1669256922204,239.54551870335686,236.94271844519798,237.77133178710938,9550336,0.2548,237.93,237.57,239.97,241.01,309.37,217.97
2025-10-28,237.52763028499794,238.5414492830063,235.32449987384408,236.27984619140625,8780789,-0.5253,236.34,237.89,239.66,241.02,309.37,217.97
2025-10-29,237.46914350586005,237.46914350586005,235.55846573925115,236.18235778808594,8776917,-0.5419,236.53,238.02,239.36,240.94,309.37,217.97
2025-10-30,236.77699407004698,238.60968337840853,234.44714569122434,235.83140563964844,8344622,-0.3994,236.62,238.15,238.97,240.87,309.37,217.97
2025-10-31,236.01663004340736,237.06945062894138,234.44714956980002,234.6128692626953,5659566,-0.5948,236.53,238.13,238.53,240.75,309.37,217.97
2025-11-03,234.61287851290575,235.2172697549134,233.47232655229786,234.44715881347656,4902693,-0.0706,236.0,238.1,238.0,240.55,309.37,217.97
2025-11-04,234.4471520764222,234.7785914657564,231.5421561865202,231.9320831298828,6848284,-1.0728,235.29,237.9,237.41,240.31,309.37,217.97
2025-11-06,233.95973929941277,234.56413053267985,232.37075797674785,234.00848388671875,7141517,0.0208,234.76,237.73,237.08,240.15,309.37,217.97
2025-11-07,232.69245689676944,233.2286176133613,230.0604127763982,230.5380859375,5520619,-0.9258,233.94,237.35,236.65,239.81,309.37,217.97
2025-11-10,231.46416532937656,235.47072635951724,231.05473758082863,233.8037567138672,8566758,1.0108,233.6,237.03,236.5,239.57,309.37,217.97
2025-11-11,235.0320607959346,235.95814845600435,232.79968661954322,235.60720825195312,8831094,0.2447,233.56,236.69,236.49,239.4,309.37,217.97
2025-11-12,236.64051836014002,240.1011756715635,236.0068833751967,239.04835510253906,13152546,1.0175,234.2,236.69,236.8,239.31,309.37,217.97
2025-11-13,239.80872968420658,239.80872968420658,237.8590652152293,239.1555938720703,6211124,-0.2724,234.87,236.54,236.98,239.22,309.37,217.97
2025-11-14,237.78107030280245,239.71123390899896,236.0556131303455,238.21974182128906,6841554,0.1845,235.77,236.26,237.14,239.09,309.37,217.97
2025-11-17,237.82981803387048,238.61942975254223,236.58203398156658,237.90780639648438,6559062,0.0328,236.33,235.78,237.24,238.98,309.37,217.97
2025-11-18,236.81599017687407,237.85906781908002,234.25219148693935,234.8370819091797,4730012,-0.8356,236.94,235.78,237.24,238.9,309.37,217.97
2025-11-19,235.12952541952873,240.63733631548203,234.48613259278574,239.87696838378906,13298452,2.0191,237.81,236.02,237.37,238.95,309.37,217.97
2025-11-20,241.27097688534437,241.56342952924817,239.5260337388253,240.0621795654297,6705862,-0.501,238.44,236.26,237.46,239.02,309.37,217.97
2025-11-21,238.8339053168725,241.02727791672132,237.4788890612896,238.3367462158203,5516450,-0.2082,238.34,236.27,237.46,238.93,309.37,217.97
2025-11-24,238.85339568452147,243.10366477606482,238.85339568452147,241.04676818847656,19711070,0.9183,238.61,236.48,237.49,238.76,309.37,217.97
2025-11-25,241.75839890303692,241.75839890303692,237.85906988847182,239.45779418945312,8188793,-0.9516,238.79,236.56,237.39,238.6,309.37,217.97
2025-11-26,239.8087305717115,244.24422023000196,239.43828956131182,243.89328002929688,8202096,1.7033,239.64,236.94,237.56,238.57,309.37,217.97
2025-11-27,244.09798453187923,245.57973368695687,241.4561975174728,243.2791290283203,5268129,-0.3355,240.85,237.3,237.59,238.54,309.37,217.97
2025-11-28,244.68289780384242,245.647987098301,242.34330632454626,243.24989318847656,7049965,-0.5857,241.33,237.67,237.57,238.45,309.37,217.97
2025-12-01,243.805555398611,244.4391904208848,242.59675803523524,243.98101806640625,3865446,0.072,241.89,238.13,237.46,238.37,309.37,217.97
2025-12-02,243.70805960131725,245.121563372053,242.60649441199627,243.873779296875,8535708,0.068,242.68,238.61,237.76,238.24,309.37,217.97
2025-12-03,244.29296894561833,250.65862237799195,244.24422435793778,248.280029296875,17215454,1.6321,243.72,239.42,238.19,238.22,309.37,217.97
2025-12-04,249.557051469507,252.2865698201472,249.0696353533556,250.46363830566406,10687381,0.3633,245.29,240.25,238.7,238.35,309.37,217.97
2025-12-05,251.7016975348242,254.528705095151,251.21428141237067,253.36865234375,7886562,0.6623,246.64,241.39,239.21,238.55,309.37,217.97
2025-12-08,253.46613561647285,256.44911983647165,253.17366810009898,254.80165100097656,9684253,0.5269,248.29,242.44,239.81,238.87,309.37,217.97
2025-12-09,254.80164941918085,255.23057797425164,250.58060926348844,250.9315643310547,8560580,-1.5189,249.39,243.2,240.24,239.17,309.37,217.97
2025-12-10,251.51647217035628,253.81706194413258,250.77559015869068,251.4872283935547,7944200,-0.0116,250.46,243.83,240.75,239.61,309.37,217.97
2025-12-11,251.8089055874984,253.4368884667086,251.233758153992,252.72525024414062,6473376,0.3639,251.72,244.5,241.3,239.99,309.37,217.97
2025-12-12,252.96896885836975,254.25575456816978,250.88281356373759,254.04129028320312,4008271,0.4239,252.55,245.3,241.91,240.4,309.37,217.97
2025-12-15,253.44661626763695,255.89345462984815,252.03312741558292,255.15257263183594,4023911,0.6731,253.22,246.16,242.59,240.81,309.37,217.97
2025-12-16,255.1525809388959,255.1623387811405,252.28657177377085,252.69601440429688,2982041,-0.9628,253.12,247.05,243.2,241.16,309.37,217.97
2025-12-17,252.48154799161765,255.53277763653588,251.80891137183292,254.5677032470703,4923276,0.8263,253.09,247.78,243.96,241.53,309.37,217.97
2025-12-18,254.60668789496253,258.32079650390807,254.43122522434786,257.2095031738281,9008412,1.0223,253.98,248.64,244.73,241.93,309.37,217.97
2025-12-19,260.2802134395507,260.2802134395507,256.67332217747196,257.7944030761719,12750745,-0.9551,254.88,249.62,245.64,242.32,309.37,217.97
2025-12-22,260.77738759923454,266.2266963670133,260.0852352744315,265.8075256347656,14651313,1.9289,256.75,250.85,246.71,242.84,309.37,217.97
2025-12-23,265.15436328849967,265.622293462953,263.40940528846386,264.5694580078125,7572420,-0.2206,258.26,252.11,247.67,243.28,309.37,217.97
2025-12-24,264.1210593132444,264.1600609341609,260.47519611983154,261.31353759765625,4694861,-1.063,259.14,252.98,248.41,243.73,309.37,217.97
2025-12-26,260.47518163736993,262.112892630566,259.05190517349195,259.5978088378906,2899112,-0.3368,260.12,253.8,249.09,244.07,309.37,217.97
2025-12-29,259.29561705835073,260.66040598902146,256.9657834829414,257.58966064453125,3755074,-0.6579,260.55,254.51,249.74,244.35,309.37,217.97
2025-12-30,257.3557236173418,258.05760405355176,256.40037726681373,257.0145263671875,5117699,-0.1326,260.53,255.16,250.38,244.54,309.37,217.97
2025-12-31,257.35571953640823,257.94062484889497,254.6846886337934,256.6538391113281,5705044,-0.2727,260.36,255.8,251.1,244.98,309.37,217.97
2026-01-01,257.84312115997614,261.30376362734427,257.1119969978968,260.62139892578125,3639755,1.0775,259.62,256.42,251.8,245.48,309.37,217.97
2026-01-02,260.6213912392056,265.5442818855403,259.45158071457286,262.2298583984375,8286204,0.6172,259.29,257.01,252.53,246.02,309.37,217.97
2026-01-05,262.66855122506394,262.86349981760594,255.113601587763,256.6733093261719,7006599,-2.2824,258.63,257.17,253.15,246.39,309.37,217.97
2026-01-06,256.67330390277135,259.402851886349,256.332136435652,258.9154357910156,4083654,0.8735,258.53,257.38,253.74,246.83,309.37,217.97
2026-01-07,258.3305430258428,265.64178480959305,257.8431269069261,263.98455810546875,10242615,2.1887,259.44,258.03,254.56,247.36,309.37,217.97
2026-01-08,264.08205118733326,264.08205118733326,254.77241507805792,255.6010284423828,9269522,-3.2115,259.24,258.24,254.95,247.75,309.37,217.97
2026-01-09,254.7724097743928,257.3069795274099,253.89506671552655,255.35731506347656,4735387,0.2296,259.05,258.37,255.35,248.13,309.37,217.97
2026-01-12,254.13877165896557,257.8431221952334,252.53027469631817,256.4783630371094,3802164,0.9206,258.46,258.49,255.79,248.54,309.37,217.97
2026-01-13,256.8195655172956,258.1843247033359,254.72365240176612,257.5506896972656,6931244,0.2847,257.79,258.61,256.25,249.0,309.37,217.97
2026-01-14,257.3557178937383,257.3557178937383,253.06646187874662,253.6513671875,5625861,-1.4394,257.36,258.66,256.57,249.38,309.37,217.97
2026-01-15,253.6513671875,253.6513671875,253.6513671875,253.6513671875,0,0.0,256.61,258.61,256.75,249.82,309.37,217.97
2026-01-16,256.62459515288,263.00973462344757,256.3808870853084,260.7189025878906,12028289,1.5954,256.14,258.79,257.09,250.35,309.37,217.97
2026-01-19,245.6577170977665,245.6577170977665,235.47072347084665,239.75997924804688,65833247,-2.4008,253.88,257.89,256.64,250.54,309.37,217.97
2026-01-20,239.75998155890707,239.80872614486398,233.37482754229322,233.86224365234375,16796201,-2.4599,250.81,256.29,255.94,250.54,309.37,217.97
2026-01-21,233.86225475607444,236.4943137751243,231.6201524431948,233.5210723876953,14397792,-0.1459,247.53,254.74,255.36,250.5,309.37,217.97
2026-01-22,235.90939798131257,236.78674103216582,233.17986478178355,234.59336853027344,8537915,-0.5579,244.25,253.4,254.8,250.41,309.37,217.97
2026-01-23,236.2018484564108,237.42038872406175,231.86384807852525,232.39999389648438,13546802,-1.6096,241.22,252.04,254.12,250.27,309.37,217.97
2026-01-27,235.1999969482422,236.39999389648438,231.75,234.8000030517578,15677537,-0.1701,238.52,250.9,253.48,250.2,309.37,217.97
2026-01-28,235.5,238.10000610351562,234.9499969482422,237.35000610351562,10155128,0.7856,235.18,249.92,252.88,250.19,309.37,217.97
2026-01-29,236.1999969482422,240.89999389648438,235.4499969482422,239.8000030517578,12201949,1.5241,235.19,249.08,252.45,250.29,309.37,217.97
2026-01-30,238.0,238.0,235.3000030517578,236.89999389648438,11362317,-0.4622,235.62,247.89,251.87,250.23,309.37,217.97
2026-02-02,244.0,244.0800018310547,239.2899932861328,242.3000030517578,12335721,-0.6967,236.88,246.89,251.37,250.28,309.37,217.97
2026-02-03,259.2099914550781,259.8900146484375,242.27999877929688,242.69000244140625,25915412,-6.3732,238.03,246.19,250.87,250.37,309.37,217.97
2026-02-04,235.91000366210938,235.9199981689453,226.25999450683594,233.33999633789062,25995324,-1.0894,238.17,244.92,249.78,250.21,309.37,217.97
2026-02-05,233.33999633789062,235.57000732421875,231.6999969482422,233.38999938964844,10102736,0.0214,237.97,243.39,248.74,250.09,309.37,217.97
2026-02-06,232.92999267578125,232.92999267578125,228.60000610351562,230.72000122070312,12279085,-0.9488,237.02,242.14,247.72,249.83,309.37,217.97
2026-02-09,231.85000610351562,232.92999267578125,229.61000061035156,230.0800018310547,9112474,-0.7634,235.63,240.88,246.74,249.56,309.37,217.97
2026-02-10,229.97999572753906,232.86000061035156,227.1999969482422,231.47000122070312,12435622,0.6479,234.86,239.63,245.87,249.33,309.37,217.97
2026-02-11,231.47000122070312,233.0,229.5,229.80999755859375,7874912,-0.7172,233.07,238.24,244.96,249.04,309.37,217.97
2026-02-12,226.1999969482422,226.25999450683594,218.5,219.0800018310547,40899346,-3.1477,229.7,236.51,243.71,248.55,309.37,217.97
2026-02-13,210.64999389648438,216.47999572753906,209.00999450683594,214.08999633789062,23721186,1.633,226.95,234.53,242.16,247.86,306.88,209.01
2026-02-16,214.6199951171875,216.91000366210938,210.11000061035156,213.25999450683594,20754327,-0.6337,224.07,232.16,240.53,247.12,306.88,209.01
2026-02-17,213.25999450683594,219.38999938964844,212.25999450683594,215.69000244140625,26941553,1.1395,221.93,230.96,239.16,246.37,306.31,209.01
2026-02-18,216.1999969482422,216.39999389648438,210.25999450683594,211.9499969482422,22679760,-1.9658,219.34,229.86,237.6,245.51,302.58,209.01
2026-02-19,214.0,215.44000244140625,210.39999389648438,211.2100067138672,14151588,-1.3037,216.44,228.75,235.84,244.71,302.58,209.01
2026-02-20,209.6999969482422,211.9600067138672,208.25,209.86000061035156,17690420,0.0763,213.59,227.51,234.31,243.88,302.58,208.25
2026-02-23,210.36000061035156,211.74000549316406,204.27999877929688,205.88999938964844,20946229,-2.1249,211.71,226.18,232.66,242.95,302.58,204.28
2026-02-24,203.0,203.2899932861328,199.36000061035156,200.13999938964844,25036686,-1.4089,209.71,224.45,230.78,241.87,302.58,199.36
2026-02-25,201.30999755859375,205.47999572753906,201.30999755859375,201.9199981689453,13979068,0.303,208.09,222.68,228.93,240.8,302.58,199.36
2026-02-26,203.7100067138672,204.6300048828125,199.1199951171875,201.0800018310547,14378069,-1.2911,206.01,220.74,227.18,239.77,300.48,199.12
2026-02-27,204.0,204.0,200.0500030517578,200.9600067138672,13288519,-1.4902,204.44,218.95,225.42,238.7,299.05,199.12
2026-03-02,195.0,200.36000061035156,194.6999969482422,198.57000732421875,10486866,1.8308,202.63,216.76,223.35,237.53,289.96,194.7
2026-03-04,196.00999450683594,197.1199951171875,194.50999450683594,195.5500030517578,19562075,-0.2347,200.59,214.4,221.88,236.28,283.27,194.51
2026-03-05,196.39999389648438,196.97000122070312,193.22000122070312,195.67999267578125,13149281,-0.3666,199.13,212.52,220.6,234.88,282.79,193.22
2026-03-06,195.60000610351562,198.92999267578125,195.0,195.39999389648438,9022914,-0.1023,198.45,210.62,219.33,233.49,281.07,193.22
2026-03-09,194.0,199.5,193.02999877929688,198.75,25862728,2.4485,198.0,209.02,218.14,232.24,279.16,193.03
2026-03-10,200.5,201.30999755859375,197.4199981689453,200.92999267578125,12982340,0.2145,197.98,207.56,217.09,231.07,279.16,193.03
2026-03-11,202.69000244140625,205.9499969482422,201.5800018310547,202.22999572753906,29199002,-0.227,198.16,206.1,216.0,229.96,279.16,193.03
2026-03-12,201.05999755859375,203.8000030517578,199.6999969482422,202.50999450683594,19042475,0.7212,198.72,204.74,214.84,228.87,279.16,193.03
2026-03-13,200.60000610351562,202.07000732421875,196.0399932861328,197.5800018310547,12629652,-1.5055,199.01,203.66,213.43,227.69,275.05,193.03
2026-03-16,196.24000549316406,198.2899932861328,192.77000427246094,195.11000061035156,12631649,-0.5758,198.93,202.71,212.04,226.38,273.09,192.77
2026-03-17,195.0,195.11000061035156,188.25,191.32000732421875,21778468,-1.8872,198.35,201.62,210.34,224.96,267.02,188.25
2026-03-18,193.0,198.0,192.69000244140625,194.3000030517578,24529164,0.6736,197.71,200.55,208.73,223.72,266.23,188.25
2026-03-19,191.97999572753906,192.7899932861328,187.67999267578125,188.41000366210938,13685195,-1.8596,195.92,199.37,207.23,222.31,266.23,187.68
2026-03-20,191.19000244140625,192.3000030517578,188.41000366210938,190.89999389648438,24395304,-0.1517,194.3,198.35,205.81,220.84,266.23,187.68
2026-03-23,189.41000366210938,190.6199951171875,187.0,187.5399932861328,12014988,-0.9873,192.17,197.24,204.38,219.48,266.23,187.0
2026-03-24,191.5,191.5,187.8000030517578,188.74000549316406,11843191,-1.4413,190.9,196.38,203.0,218.15,266.23,187.0
2026-03-25,189.0,190.6199951171875,187.89999389648438,189.0500030517578,13862888,0.0265,190.04,195.83,201.58,216.8,266.23,187.0
2026-03-27,189.0500030517578,192.2899932861328,187.89999389648438,191.60000610351562,26269256,1.3489,190.08,195.31,200.31,215.48,266.23,187.0
2026-03-30,189.99000549316406,191.6300048828125,186.5,187.63999938964844,27946986,-1.2369,189.13,194.64,199.26,214.16,266.23,186.5
